-- phpMyAdmin SQL Dump
-- version 4.7.0
-- https://www.phpmyadmin.net/
--
-- Host: 127.0.0.1
-- Generation Time: Jan 10, 2018 at 05:25 PM
-- Server version: 10.1.25-MariaDB
-- PHP Version: 5.6.31

SET SQL_MODE = "NO_AUTO_VALUE_ON_ZERO";
SET AUTOCOMMIT = 0;
START TRANSACTION;
SET time_zone = "+00:00";


/*!40101 SET @OLD_CHARACTER_SET_CLIENT=@@CHARACTER_SET_CLIENT */;
/*!40101 SET @OLD_CHARACTER_SET_RESULTS=@@CHARACTER_SET_RESULTS */;
/*!40101 SET @OLD_COLLATION_CONNECTION=@@COLLATION_CONNECTION */;
/*!40101 SET NAMES utf8mb4 */;

--
-- Database: `db_oxford`
--

-- --------------------------------------------------------

--
-- Table structure for table `tbl_company`
--

CREATE TABLE `tbl_company` (
  `id` int(11) NOT NULL,
  `company` varchar(100) NOT NULL
) ENGINE=InnoDB DEFAULT CHARSET=latin1;

--
-- Dumping data for table `tbl_company`
--

INSERT INTO `tbl_company` (`id`, `company`) VALUES
(1, 'HSBCHongkong and Shanghai Banking Corporation'),
(2, 'Shanghai Commercial Bank'),
(3, '3'),
(4, 'CMHK'),
(5, 'SmarTone'),
(6, 'Bank of China'),
(7, 'Shell'),
(8, 'Cathay Pacific'),
(9, 'G2000'),
(10, 'Total'),
(11, 'Giordano International Limited'),
(12, 'Hongkong and Shanghai Banking Corporation'),
(13, 'Public Bank Berhad'),
(14, 'U Mobile'),
(15, 'Telekom Malaysia'),
(16, 'CelCom'),
(17, 'Wasco Energy'),
(18, 'Scomi'),
(19, 'Proton Holdings'),
(20, 'Petronas'),
(21, 'AirAsia'),
(22, 'Citibank'),
(23, 'Eastern Telecoms'),
(24, 'Smart Communications'),
(25, 'Globe Telecoms'),
(26, 'Petron'),
(27, 'Asia Brewery'),
(28, 'Chevron'),
(29, 'San Miguel Corporation'),
(30, 'Systems on Silicon Manufacturing'),
(31, 'SilkAir'),
(32, 'NTUC FairPrice'),
(33, 'Sheng Siong'),
(34, 'StarHub'),
(35, 'Singapore Airlines'),
(36, 'Singtel'),
(37, 'Bangkok Insurance'),
(38, 'Krung Thai AXA Life'),
(39, 'Advance Info Service'),
(40, 'CTH'),
(41, 'CAT Telecom'),
(42, 'Phuket Beer'),
(43, 'Mitr Phol'),
(44, 'Thai Oil'),
(45, 'PTT');

-- --------------------------------------------------------

--
-- Table structure for table `tbl_country`
--

CREATE TABLE `tbl_country` (
  `id` int(11) NOT NULL,
  `country` varchar(100) NOT NULL
) ENGINE=InnoDB DEFAULT CHARSET=latin1;

--
-- Dumping data for table `tbl_country`
--

INSERT INTO `tbl_country` (`id`, `country`) VALUES
(1, 'Hongkong'),
(2, 'Malaysia'),
(3, 'Philippines'),
(4, 'Singapore'),
(5, 'Thailand');

-- --------------------------------------------------------

--
-- Table structure for table `tbl_industry`
--

CREATE TABLE `tbl_industry` (
  `id` int(11) NOT NULL,
  `industry` varchar(100) NOT NULL
) ENGINE=InnoDB DEFAULT CHARSET=latin1;

--
-- Dumping data for table `tbl_industry`
--

INSERT INTO `tbl_industry` (`id`, `industry`) VALUES
(1, 'Finance'),
(2, 'Telco'),
(3, 'Oil and Gas'),
(4, 'Consumer Services'),
(5, 'Apparel retailers'),
(6, 'Consumer Goods'),
(7, 'Food & Beverage'),
(8, 'Technology');

-- --------------------------------------------------------

--
-- Table structure for table `tbl_sales`
--

CREATE TABLE `tbl_sales` (
  `id` int(11) NOT NULL,
  `company_id` varchar(100) NOT NULL,
  `industry_id` int(11) NOT NULL,
  `country_id` int(11) NOT NULL,
  `sales` int(11) NOT NULL,
  `year` int(11) NOT NULL
) ENGINE=InnoDB DEFAULT CHARSET=latin1;

--
-- Dumping data for table `tbl_sales`
--

INSERT INTO `tbl_sales` (`id`, `company_id`, `industry_id`, `country_id`, `sales`, `year`) VALUES
(1, '1', 1, 1, 4500000, 2013),
(2, '1', 1, 1, 4000000, 2014),
(3, '1', 1, 1, 4500000, 2015),
(4, '1', 1, 1, 2500000, 2016),
(5, '1', 1, 1, 3000000, 2017),
(6, '2', 1, 1, 2500000, 2013),
(7, '2', 1, 1, 2250000, 2014),
(8, '2', 1, 1, 2250000, 2015),
(9, '2', 1, 1, 1250000, 2016),
(10, '2', 1, 1, 1000000, 2017),
(11, '3', 2, 1, 800000, 2013),
(12, '3', 2, 1, 750000, 2014),
(13, '3', 2, 1, 600000, 2015),
(14, '3', 2, 1, 750000, 2016),
(15, '3', 2, 1, 700000, 2017),
(16, '4', 2, 1, 550000, 2013),
(17, '4', 2, 1, 550000, 2014),
(18, '4', 2, 1, 250000, 2015),
(19, '4', 2, 1, 500000, 2016),
(20, '4', 2, 1, 300000, 2017),
(21, '5', 2, 1, 450000, 2013),
(22, '5', 2, 1, 450000, 2014),
(23, '5', 2, 1, 400000, 2015),
(24, '5', 2, 1, 350000, 2016),
(25, '5', 2, 1, 400000, 2017),
(26, '6', 1, 1, 300000, 2013),
(27, '6', 1, 1, 300000, 2014),
(28, '6', 1, 1, 190000, 2015),
(29, '6', 1, 1, 250000, 2016),
(30, '6', 1, 1, 200000, 2017),
(31, '7', 3, 1, 200000, 2013),
(32, '7', 3, 1, 175000, 2014),
(33, '7', 3, 1, 140000, 2015),
(34, '7', 3, 1, 150000, 2016),
(35, '7', 3, 1, 155000, 2017),
(36, '8', 4, 1, 155000, 2013),
(37, '8', 4, 1, 155000, 2014),
(38, '8', 4, 1, 115000, 2015),
(39, '8', 4, 1, 135000, 2016),
(40, '8', 4, 1, 145000, 2017),
(41, '9', 5, 1, 175000, 2013),
(42, '9', 5, 1, 175000, 2014),
(43, '9', 5, 1, 100000, 2015),
(44, '9', 5, 1, 125000, 2016),
(45, '9', 5, 1, 130000, 2017),
(46, '10', 3, 1, 150000, 2013),
(47, '10', 3, 1, 135000, 2014),
(48, '10', 3, 1, 105000, 2015),
(49, '10', 3, 1, 110000, 2016),
(50, '10', 3, 1, 115000, 2017),
(51, '11', 5, 1, 160000, 2013),
(52, '11', 5, 1, 150000, 2014),
(53, '11', 5, 1, 95000, 2015),
(54, '11', 5, 1, 100000, 2016),
(55, '11', 5, 1, 110000, 2017),
(56, '12', 1, 2, 4500000, 2013),
(57, '12', 1, 2, 4000000, 2014),
(58, '12', 1, 2, 4500000, 2015),
(59, '12', 1, 2, 3000000, 2016),
(60, '12', 1, 2, 4500000, 2017),
(61, '13', 1, 2, 2250000, 2013),
(62, '13', 1, 2, 2250000, 2014),
(63, '13', 1, 2, 2500000, 2015),
(64, '13', 1, 2, 1000000, 2016),
(65, '13', 1, 2, 2250000, 2017),
(66, '14', 2, 2, 600000, 2013),
(67, '14', 2, 2, 750000, 2014),
(68, '14', 2, 2, 800000, 2015),
(69, '14', 2, 2, 700000, 2016),
(70, '14', 2, 2, 600000, 2017),
(71, '15', 2, 2, 400000, 2013),
(72, '15', 2, 2, 450000, 2014),
(73, '15', 2, 2, 450000, 2015),
(74, '15', 2, 2, 400000, 2016),
(75, '15', 2, 2, 400000, 2017),
(76, '16', 2, 2, 250000, 2013),
(77, '16', 2, 2, 550000, 2014),
(78, '16', 2, 2, 550000, 2015),
(79, '16', 2, 2, 300000, 2016),
(80, '16', 2, 2, 250000, 2017),
(81, '17', 3, 2, 190000, 2013),
(82, '17', 3, 2, 300000, 2014),
(83, '17', 3, 2, 300000, 2015),
(84, '17', 3, 2, 200000, 2016),
(85, '17', 3, 2, 190000, 2017),
(86, '7', 3, 2, 140000, 2013),
(87, '7', 3, 2, 175000, 2014),
(88, '7', 3, 2, 200000, 2015),
(89, '7', 3, 2, 155000, 2016),
(90, '7', 3, 2, 140000, 2017),
(91, '18', 3, 2, 115000, 2013),
(92, '18', 3, 2, 155000, 2014),
(93, '18', 3, 2, 155000, 2015),
(94, '18', 3, 2, 145000, 2016),
(95, '18', 3, 2, 115000, 2017),
(96, '19', 6, 2, 100000, 2013),
(97, '19', 6, 2, 175000, 2014),
(98, '19', 6, 2, 175000, 2015),
(99, '19', 6, 2, 130000, 2016),
(100, '19', 6, 2, 100000, 2017),
(101, '20', 3, 2, 105000, 2013),
(102, '20', 3, 2, 135000, 2014),
(103, '20', 3, 2, 150000, 2015),
(104, '20', 3, 2, 115000, 2016),
(105, '20', 3, 2, 105000, 2017),
(106, '21', 4, 2, 95000, 2013),
(107, '21', 4, 2, 150000, 2014),
(108, '21', 4, 2, 160000, 2015),
(109, '21', 4, 2, 110000, 2016),
(110, '21', 4, 2, 95000, 2017),
(111, '12', 1, 3, 2500000, 2013),
(112, '12', 1, 3, 3000000, 2014),
(113, '12', 1, 3, 4500000, 2015),
(114, '12', 1, 3, 4000000, 2016),
(115, '12', 1, 3, 4500000, 2017),
(116, '22', 1, 3, 1250000, 2013),
(117, '22', 1, 3, 1000000, 2014),
(118, '22', 1, 3, 2250000, 2015),
(119, '22', 1, 3, 2250000, 2016),
(120, '22', 1, 3, 2500000, 2017),
(121, '23', 2, 3, 750000, 2013),
(122, '23', 2, 3, 700000, 2014),
(123, '23', 2, 3, 600000, 2015),
(124, '23', 2, 3, 750000, 2016),
(125, '23', 2, 3, 800000, 2017),
(126, '24', 2, 3, 500000, 2013),
(127, '24', 2, 3, 300000, 2014),
(128, '24', 2, 3, 250000, 2015),
(129, '24', 2, 3, 550000, 2016),
(130, '24', 2, 3, 550000, 2017),
(131, '25', 2, 3, 350000, 2013),
(132, '25', 2, 3, 400000, 2014),
(133, '25', 2, 3, 400000, 2015),
(134, '25', 2, 3, 450000, 2016),
(135, '25', 2, 3, 450000, 2017),
(136, '26', 3, 3, 250000, 2013),
(137, '26', 3, 3, 200000, 2014),
(138, '26', 3, 3, 190000, 2015),
(139, '26', 3, 3, 300000, 2016),
(140, '26', 3, 3, 300000, 2017),
(141, '7', 3, 3, 150000, 2013),
(142, '7', 3, 3, 155000, 2014),
(143, '7', 3, 3, 140000, 2015),
(144, '7', 3, 3, 175000, 2016),
(145, '7', 3, 3, 200000, 2017),
(146, '27', 7, 3, 125000, 2013),
(147, '27', 7, 3, 130000, 2014),
(148, '27', 7, 3, 100000, 2015),
(149, '27', 7, 3, 175000, 2016),
(150, '27', 7, 3, 175000, 2017),
(151, '28', 3, 3, 135000, 2013),
(152, '28', 3, 3, 145000, 2014),
(153, '28', 3, 3, 115000, 2015),
(154, '28', 3, 3, 155000, 2016),
(155, '28', 3, 3, 155000, 2017),
(156, '29', 7, 3, 100000, 2013),
(157, '29', 7, 3, 110000, 2014),
(158, '29', 7, 3, 95000, 2015),
(159, '29', 7, 3, 150000, 2016),
(160, '29', 7, 3, 160000, 2017),
(161, '10', 3, 3, 110000, 2013),
(162, '10', 3, 3, 115000, 2014),
(163, '10', 3, 3, 105000, 2015),
(164, '10', 3, 3, 135000, 2016),
(165, '10', 3, 3, 150000, 2017),
(166, '30', 8, 4, 4000000, 2013),
(167, '30', 8, 4, 4500000, 2014),
(168, '30', 8, 4, 2500000, 2015),
(169, '30', 8, 4, 4500000, 2016),
(170, '30', 8, 4, 4500000, 2017),
(171, '31', 4, 4, 2250000, 2013),
(172, '31', 4, 4, 2500000, 2014),
(173, '31', 4, 4, 1250000, 2015),
(174, '31', 4, 4, 2250000, 2016),
(175, '31', 4, 4, 2250000, 2017),
(176, '10', 3, 4, 750000, 2013),
(177, '10', 3, 4, 800000, 2014),
(178, '10', 3, 4, 750000, 2015),
(179, '10', 3, 4, 600000, 2016),
(180, '10', 3, 4, 600000, 2017),
(181, '7', 3, 4, 450000, 2013),
(182, '7', 3, 4, 450000, 2014),
(183, '7', 3, 4, 350000, 2015),
(184, '7', 3, 4, 400000, 2016),
(185, '7', 3, 4, 400000, 2017),
(186, '12', 1, 4, 550000, 2013),
(187, '12', 1, 4, 550000, 2014),
(188, '12', 1, 4, 500000, 2015),
(189, '12', 1, 4, 250000, 2016),
(190, '12', 1, 4, 250000, 2017),
(191, '32', 7, 4, 300000, 2013),
(192, '32', 7, 4, 300000, 2014),
(193, '32', 7, 4, 250000, 2015),
(194, '32', 7, 4, 190000, 2016),
(195, '32', 7, 4, 190000, 2017),
(196, '33', 7, 4, 175000, 2013),
(197, '33', 7, 4, 200000, 2014),
(198, '33', 7, 4, 150000, 2015),
(199, '33', 7, 4, 140000, 2016),
(200, '33', 7, 4, 140000, 2017),
(201, '34', 2, 4, 155000, 2013),
(202, '34', 2, 4, 155000, 2014),
(203, '34', 2, 4, 135000, 2015),
(204, '34', 2, 4, 115000, 2016),
(205, '34', 2, 4, 115000, 2017),
(206, '22', 1, 4, 135000, 2013),
(207, '22', 1, 4, 150000, 2014),
(208, '22', 1, 4, 110000, 2015),
(209, '22', 1, 4, 105000, 2016),
(210, '22', 1, 4, 105000, 2017),
(211, '35', 4, 4, 175000, 2013),
(212, '35', 4, 4, 175000, 2014),
(213, '35', 4, 4, 125000, 2015),
(214, '35', 4, 4, 100000, 2016),
(215, '35', 4, 4, 100000, 2017),
(216, '36', 2, 4, 150000, 2013),
(217, '36', 2, 4, 160000, 2014),
(218, '36', 2, 4, 100000, 2015),
(219, '36', 2, 4, 95000, 2016),
(220, '36', 2, 4, 95000, 2017),
(221, '37', 1, 5, 4500000, 2013),
(222, '37', 1, 5, 2500000, 2014),
(223, '37', 1, 5, 3000000, 2015),
(224, '37', 1, 5, 4500000, 2016),
(225, '37', 1, 5, 4000000, 2017),
(226, '38', 1, 5, 2250000, 2013),
(227, '38', 1, 5, 1250000, 2014),
(228, '38', 1, 5, 1000000, 2015),
(229, '38', 1, 5, 2500000, 2016),
(230, '38', 1, 5, 2250000, 2017),
(231, '39', 2, 5, 600000, 2013),
(232, '39', 2, 5, 750000, 2014),
(233, '39', 2, 5, 700000, 2015),
(234, '39', 2, 5, 800000, 2016),
(235, '39', 2, 5, 750000, 2017),
(236, '40', 2, 5, 250000, 2013),
(237, '40', 2, 5, 500000, 2014),
(238, '40', 2, 5, 300000, 2015),
(239, '40', 2, 5, 550000, 2016),
(240, '40', 2, 5, 550000, 2017),
(241, '41', 2, 5, 400000, 2013),
(242, '41', 2, 5, 350000, 2014),
(243, '41', 2, 5, 400000, 2015),
(244, '41', 2, 5, 450000, 2016),
(245, '41', 2, 5, 450000, 2017),
(246, '26', 3, 5, 190000, 2013),
(247, '26', 3, 5, 250000, 2014),
(248, '26', 3, 5, 200000, 2015),
(249, '26', 3, 5, 300000, 2016),
(250, '26', 3, 5, 300000, 2017),
(251, '7', 3, 5, 140000, 2013),
(252, '7', 3, 5, 150000, 2014),
(253, '7', 3, 5, 155000, 2015),
(254, '7', 3, 5, 200000, 2016),
(255, '7', 3, 5, 175000, 2017),
(256, '42', 7, 5, 100000, 2013),
(257, '42', 7, 5, 125000, 2014),
(258, '42', 7, 5, 130000, 2015),
(259, '42', 7, 5, 175000, 2016),
(260, '42', 7, 5, 175000, 2017),
(261, '43', 7, 5, 95000, 2013),
(262, '43', 7, 5, 100000, 2014),
(263, '43', 7, 5, 110000, 2015),
(264, '43', 7, 5, 160000, 2016),
(265, '43', 7, 5, 150000, 2017),
(266, '44', 3, 5, 115000, 2013),
(267, '44', 3, 5, 135000, 2014),
(268, '44', 3, 5, 145000, 2015),
(269, '44', 3, 5, 155000, 2016),
(270, '44', 3, 5, 155000, 2017),
(271, '45', 3, 5, 105000, 2013),
(272, '45', 3, 5, 110000, 2014),
(273, '45', 3, 5, 115000, 2015),
(274, '45', 3, 5, 150000, 2016),
(275, '45', 3, 5, 135000, 2017);

--
-- Indexes for dumped tables
--

--
-- Indexes for table `tbl_company`
--
ALTER TABLE `tbl_company`
  ADD PRIMARY KEY (`id`);

--
-- Indexes for table `tbl_country`
--
ALTER TABLE `tbl_country`
  ADD PRIMARY KEY (`id`);

--
-- Indexes for table `tbl_industry`
--
ALTER TABLE `tbl_industry`
  ADD PRIMARY KEY (`id`);

--
-- Indexes for table `tbl_sales`
--
ALTER TABLE `tbl_sales`
  ADD PRIMARY KEY (`id`);

--
-- AUTO_INCREMENT for dumped tables
--

--
-- AUTO_INCREMENT for table `tbl_company`
--
ALTER TABLE `tbl_company`
  MODIFY `id` int(11) NOT NULL AUTO_INCREMENT, AUTO_INCREMENT=46;
--
-- AUTO_INCREMENT for table `tbl_country`
--
ALTER TABLE `tbl_country`
  MODIFY `id` int(11) NOT NULL AUTO_INCREMENT, AUTO_INCREMENT=6;
--
-- AUTO_INCREMENT for table `tbl_industry`
--
ALTER TABLE `tbl_industry`
  MODIFY `id` int(11) NOT NULL AUTO_INCREMENT, AUTO_INCREMENT=9;
--
-- AUTO_INCREMENT for table `tbl_sales`
--
ALTER TABLE `tbl_sales`
  MODIFY `id` int(11) NOT NULL AUTO_INCREMENT, AUTO_INCREMENT=276;COMMIT;

/*!40101 SET CHARACTER_SET_CLIENT=@OLD_CHARACTER_SET_CLIENT */;
/*!40101 SET CHARACTER_SET_RESULTS=@OLD_CHARACTER_SET_RESULTS */;
/*!40101 SET COLLATION_CONNECTION=@OLD_COLLATION_CONNECTION */;
